hole_number,from_m,to_m,py_pct_nv,ccp_pct_nv,bn_pct_nv
AXE-23-001,,,,,
AXE-23-001,,,,,
AXE-23-001,6.0,17.0,2.0,0.1,0.0
AXE-23-001,,,,,
AXE-23-001,17.0,21.07,0.25,0.0,0.0
AXE-23-001,21.07,23.14,5.0,0.1,0.0
AXE-23-001,23.14,28.6,0.5,0.1,0.0
AXE-23-001,,,,,
AXE-23-001,28.6,35.0,0.75,0.0,0.0
AXE-23-001,35.0,44.0,0.1,0.0,0.0
AXE-23-001,,,,,
AXE-23-001,55.0,59.0,0.5,0.1,0.0
AXE-23-001,59.0,60.05,0.1,0.0,0.0
AXE-23-001,60.05,71.2,0.5,0.1,0.0
AXE-23-001,71.2,79.25,0.1,0.0,0.0
AXE-23-001,79.25,101.05,1.0,0.1,0.0
AXE-23-001,101.05,102.42,0.05,0.0,0.0
AXE-23-001,102.42,143.7,2.0,0.1,0.0
AXE-23-001,143.7,154.02,2.0,0.2,0.0
AXE-23-001,154.02,156.42,0.1,0.0,0.0
AXE-23-001,156.42,162.8,15.0,5.0,0.0
AXE-23-001,162.8,170.0,0.25,0.1,0.1
AXE-23-001,170.0,185.25,0.1,0.0,0.0
AXE-23-001,227.5,230.85,0.1,0.0,0.0
AXE-23-001,230.85,233.26,0.1,0.0,0.0
AXE-23-001,,,,,
AXE-23-001,233.26,249.3,1.0,0.3,0.0
AXE-23-001,249.3,252.7,6.0,0.7,0.0
AXE-23-001,252.7,254.0,15.0,2.0,0.0
AXE-23-001,254.0,256.65,0.1,0.0,0.0
AXE-23-001,256.65,260.35,5.0,4.0,0.0
AXE-23-001,260.35,271.0,0.1,0.1,0.0
AXE-23-001,271.0,285.7,0.5,0.1,0.0
AXE-23-001,285.7,293.0,0.5,0.1,0.0
AXE-23-001,,,,,
AXE-23-001,,,,,
AXE-23-001,293.0,320.0,0.5,0.1,0.0
AXE-23-001,,,,,
AXE-23-001,,,,,
AXE-23-001,,,,,
AXE-23-001,320.0,324.9,15.0,0.1,0.0
AXE-23-001,324.9,336.5,0.3,0.0,0.0
AXE-23-001,336.5,354.3,1.25,0.1,0.0
AXE-23-001,354.3,355.3,0.5,0.75,0.0
AXE-23-001,355.3,362.55,2.0,0.1,0.0
AXE-23-001,362.55,392.25,2.5,0.2,0.0
AXE-23-001,392.25,393.55,0.1,0.0,0.0
AXE-23-001,393.55,423.95,1.25,0.15,0.0
AXE-23-001,423.95,425.0,0.0,0.0,0.0
AXE-23-001,425.0,461.75,1.2,0.3,0.0
AXE-23-001,461.75,462.6,0.1,0.0,0.0
AXE-23-001,462.6,467.24,2.25,0.3,0.0
AXE-23-001,467.24,470.88,0.1,0.0,0.0
AXE-23-001,470.88,483.03,3.25,0.25,0.0
AXE-23-001,483.03,489.67,0.5,0.0,0.0
AXE-23-001,489.67,511.3,4.2,0.3,0.0
AXE-23-001,523.93,531.75,0.5,0.0,0.0
AXE-23-001,531.75,557.94,0.5,0.1,0.0
AXE-23-001,557.94,560.76,0.1,0.35,0.0
AXE-23-001,560.76,588.21,2.2,0.1,0.0
AXE-23-001,,,,,
AXE-23-001,588.21,596.0,0.25,0.0,0.0
AXE-23-001,,,,,
AXE-23-001,596.0,602.65,0.4,0.0,0.0
AXE-23-001,602.65,634.37,0.6,0.1,0.0
AXE-23-001,,,,,
AXE-23-001,,,,,
AXE-23-001,634.37,650.0,0.5,0.0,0.0
AXE-23-001,650.0,653.61,20.0,0.0,0.0
AXE-23-001,653.61,683.06,0.5,0.1,0.0
AXE-23-001,683.06,708.0,0.5,0.1,0.0
AXE-23-001,,,,,
AXE-23-001,,,,,
AXE-23-001,708.0,723.45,0.8,0.1,0.0
AXE-23-001,723.45,724.21,0.05,0.0,0.0
AXE-23-001,724.21,732.0,0.35,0.0,0.0
AXE-23-002,,,,,
AXE-23-002,,,,,
AXE-23-002,6.0,41.0,0.5,0.2,0.0
AXE-23-002,41.0,55.93,0.8,0.2,0.0
AXE-23-002,55.93,60.5,0.2,0.0,0.0
AXE-23-002,60.5,86.95,0.2,0.1,0.0
AXE-23-002,,,,,
AXE-23-002,86.95,97.55,0.5,0.0,0.0
AXE-23-002,97.55,108.35,3.0,0.0,0.0
AXE-23-002,,,,,
AXE-23-002,,,,,
AXE-23-002,,,,,
AXE-23-002,,,,,
AXE-23-002,,,,,
AXE-23-002,108.35,110.4,10.0,2.2,0.0
AXE-23-002,110.4,121.2,0.2,0.0,0.0
AXE-23-002,121.2,125.53,3.0,0.0,0.0
AXE-23-002,,,,,
AXE-23-002,135.45,178.4,0.5,0.05,0.0
AXE-23-002,178.4,182.16,10.0,1.0,0.0
AXE-23-002,182.16,185.42,0.5,0.5,0.0
AXE-23-002,194.55,206.86,1.0,0.0,0.5
AXE-23-002,206.86,217.5,5.0,1.0,0.0
AXE-23-002,217.5,251.42,0.5,0.5,0.0
AXE-23-002,,,,,
AXE-23-002,,,,,
AXE-23-002,,,,,
AXE-23-002,251.42,260.0,0.0,0.0,0.0
AXE-23-002,260.0,267.9,2.0,1.0,0.0
AXE-23-002,267.9,269.86,0.0,0.0,0.0
AXE-23-002,269.86,275.18,1.0,1.0,0.0
AXE-23-002,275.18,278.0,0.0,0.0,0.0
AXE-23-002,278.0,279.95,0.5,0.1,0.0
AXE-23-002,279.95,280.48,1.0,1.0,0.0
AXE-23-002,280.48,285.2,1.0,0.6,0.0
AXE-23-002,285.2,288.03,0.5,0.3,0.0
AXE-23-002,288.03,291.48,1.0,0.5,0.0
AXE-23-002,291.48,292.75,0.0,0.0,0.0
AXE-23-002,292.75,309.44,1.0,1.0,0.0
AXE-23-002,309.44,309.9,0.0,0.0,0.0
AXE-23-002,309.9,318.2,0.5,0.1,0.0
AXE-23-002,318.2,319.45,0.0,0.0,0.0
AXE-23-002,319.45,325.0,0.5,0.1,0.0
AXE-23-002,325.0,326.28,0.0,0.0,0.0
AXE-23-002,326.28,341.0,1.0,0.5,0.0
AXE-23-002,341.0,350.5,1.0,0.5,0.0
AXE-23-002,,,,,
AXE-23-002,361.74,363.02,0.0,0.0,0.0
AXE-23-002,363.02,365.27,0.5,0.3,0.0
AXE-23-002,365.27,365.64,0.0,0.0,0.0
AXE-23-002,365.64,371.3,0.5,0.3,0.0
AXE-23-002,371.3,371.57,0.0,0.0,0.0
AXE-23-002,371.57,384.09,0.5,0.5,0.0
AXE-23-002,,,,,
AXE-23-002,384.09,394.72,0.0,0.0,0.0
AXE-23-002,394.72,395.77,3.0,0.0,0.0
AXE-23-002,395.77,397.95,0.0,0.0,0.0
AXE-23-002,397.95,401.56,2.0,0.0,0.0
AXE-23-002,401.56,425.0,1.0,2.0,0.0
AXE-23-002,425.0,437.81,1.0,0.3,0.0
AXE-23-002,437.81,455.0,3.0,0.6,0.0
AXE-23-002,455.21,455.88,0.0,0.0,0.0
AXE-23-002,455.88,464.0,3.0,0.1,0.0
AXE-23-002,464.0,466.36,0.0,0.0,0.0
AXE-23-002,466.36,478.5,1.0,0.0,0.0
AXE-23-002,478.5,485.92,0.5,0.2,0.0
AXE-23-002,485.92,486.39,0.0,0.0,0.0
AXE-23-002,486.39,492.2,0.5,0.0,0.0
AXE-23-002,492.2,566.0,0.5,0.0,0.0
AXE-23-002,566.0,569.26,0.0,0.0,0.0
AXE-23-002,569.26,571.8,0.5,0.0,0.0
AXE-23-002,571.8,574.46,0.0,0.0,0.0
AXE-23-002,574.46,591.8,1.5,0.1,0.0
AXE-23-002,591.8,592.1,0.0,0.0,0.0
AXE-23-002,592.1,596.15,0.0,0.0,0.0
AXE-23-002,596.15,617.13,0.5,0.0,0.0
AXE-23-002,617.13,617.33,0.0,0.0,0.0
AXE-23-002,617.33,650.4,0.5,0.3,0.0
AXE-23-002,,,,,
AXE-23-002,650.4,651.2,0.0,0.0,0.0
AXE-23-002,651.2,659.76,0.5,0.0,0.0
AXE-23-002,659.76,660.76,0.0,0.0,0.0
AXE-23-002,660.76,663.1,0.5,0.0,0.0
AXE-23-002,663.1,668.57,0.5,0.0,0.0
AXE-23-002,668.57,671.52,3.0,0.3,0.0
AXE-23-002,671.52,677.7,2.5,0.3,0.0
AXE-23-002,677.7,680.0,0.5,0.2,0.0
AXE-23-002,680.0,686.0,1.5,0.4,0.0
AXE-23-002,686.0,687.9,0.5,0.2,0.0
AXE-23-002,687.9,690.36,4.0,0.3,0.0
AXE-23-002,690.36,701.48,3.0,0.0,0.0
AXE-23-002,701.48,702.35,4.0,0.0,0.0
AXE-23-002,702.35,736.13,1.0,0.0,0.0
AXE-23-002,736.13,741.24,0.0,0.0,0.0
AXE-23-002,741.24,770.0,1.0,1.0,0.0
AXE-23-002,,,,,
AXE-23-002,770.0,770.71,0.0,30.0,0.0
AXE-23-002,770.71,780.38,0.7,0.6,0.0
AXE-23-002,780.38,780.72,0.4,0.1,0.0
AXE-23-002,780.72,819.01,0.4,0.7,0.0
AXE-23-002,,,,,
AXE-23-003,,,,,
AXE-23-003,6.0,31.89,0.2,0.27,0.0
AXE-23-003,31.89,33.21,0.0,0.0,0.0
AXE-23-003,33.21,47.7,0.5,0.1,0.0
AXE-23-003,47.7,66.14,0.3,0.1,0.0
AXE-23-003,,,,,
AXE-23-003,,,,,
AXE-23-003,66.14,75.84,0.4,0.1,0.0
AXE-23-003,75.84,77.33,0.0,0.0,0.0
AXE-23-003,77.33,85.6,0.15,0.15,0.0
AXE-23-003,85.6,88.3,0.5,1.2,0.0
AXE-23-003,88.3,110.25,0.3,0.5,0.0
AXE-23-003,,,,,
AXE-23-003,110.25,112.14,0.1,0.0,0.0
AXE-23-003,112.14,126.59,0.5,0.0,0.0
AXE-23-003,126.59,127.5,0.0,0.0,0.0
AXE-23-003,127.5,143.0,0.2,0.05,0.0
AXE-23-003,143.0,215.0,2.0,0.0,0.0
AXE-23-003,215.0,257.0,1.5,0.1,0.0
AXE-23-003,,,,,
AXE-23-003,,,,,
AXE-23-003,,,,,
AXE-23-003,,,,,
AXE-23-003,,,,,
AXE-23-003,257.0,258.13,0.0,0.0,0.0
AXE-23-003,258.13,273.71,0.1,0.0,0.0
AXE-23-003,273.71,277.5,0.0,0.0,0.0
AXE-23-003,277.5,285.0,0.0,0.0,0.0
AXE-23-003,285.0,289.47,0.5,0.3,0.0
AXE-23-003,289.47,295.7,0.0,0.0,0.0
AXE-23-003,295.7,298.2,0.0,0.0,0.0
AXE-23-003,298.2,367.0,0.0,0.0,0.0
AXE-23-004,,,,,
AXE-23-004,,,,,
AXE-23-004,6.0,20.44,0.2,0.1,0.0
AXE-23-004,,,,,
AXE-23-004,,,,,
AXE-23-004,,,,,
AXE-23-004,20.44,29.0,0.5,0.1,0.0
AXE-23-004,,,,,
AXE-23-004,,,,,
AXE-23-004,,,,,
AXE-23-004,29.0,37.6,0.1,0.05,0.0
AXE-23-004,37.6,38.65,0.2,0.0,0.0
AXE-23-004,38.65,44.5,0.2,0.1,0.0
AXE-23-004,,,,,
AXE-23-004,,,,,
AXE-23-004,56.2,59.0,0.01,0.0,0.0
AXE-23-004,72.0,77.8,5.0,0.1,0.0
AXE-23-004,77.8,84.8,2.0,0.1,0.0
AXE-23-004,84.8,86.0,15.0,0.0,0.0
AXE-23-004,86.0,88.8,0.1,0.0,0.0
AXE-23-004,88.8,94.24,25.0,0.1,0.0
AXE-23-004,,,,,
AXE-23-004,,,,,
AXE-23-004,,,,,
AXE-23-004,,,,,
AXE-23-004,94.24,97.9,0.1,0.0,0.0
AXE-23-004,97.9,119.55,0.1,0.1,0.0
AXE-23-004,119.55,122.0,0.1,0.1,0.0
AXE-23-004,122.0,128.5,0.1,0.0,0.0
AXE-23-004,128.5,142.5,0.1,0.1,0.0
AXE-23-004,,,,,
AXE-23-004,142.5,146.0,25.0,0.0,0.0
AXE-23-004,146.0,151.0,0.1,0.0,0.0
AXE-23-004,151.0,161.22,0.1,0.1,0.0
AXE-23-004,,,,,
AXE-23-004,161.22,164.8,0.0,0.0,0.0
AXE-23-004,,,,,
AXE-23-004,164.8,174.1,5.25,0.25,0.0
AXE-23-004,174.1,179.08,0.1,0.0,0.0
AXE-23-004,179.08,185.0,1.0,0.2,0.0
AXE-23-004,185.0,191.0,0.1,0.1,0.0
AXE-23-004,191.0,215.0,0.5,0.0,0.0
AXE-23-004,,,,,
AXE-23-004,215.0,219.43,0.2,0.0,0.0
AXE-23-004,219.43,222.45,0.1,0.0,0.0
AXE-23-004,222.45,231.0,0.1,0.1,0.0
AXE-23-004,231.0,240.63,0.2,0.1,0.0
AXE-23-004,240.63,246.0,0.1,0.0,0.0
AXE-23-004,,,,,
AXE-23-004,246.0,248.6,1.0,0.0,0.0
AXE-23-004,248.6,254.0,0.1,0.1,0.0
AXE-23-004,269.32,274.0,0.5,0.1,0.0
AXE-23-004,274.0,281.85,0.1,0.0,0.0
AXE-23-004,281.85,287.5,0.5,0.1,0.0
AXE-23-004,287.5,293.0,0.1,0.1,0.0
AXE-23-004,,,,,
AXE-23-004,,,,,
AXE-23-004,326.0,329.76,0.1,0.0,0.0
AXE-23-004,329.76,331.0,10.0,0.1,0.0
AXE-23-004,331.0,335.6,0.5,0.0,0.0
AXE-23-004,335.6,345.45,0.1,0.0,0.0
AXE-23-004,,,,,
AXE-23-004,345.45,345.98,0.0,0.0,0.0
AXE-23-004,345.98,349.9,2.0,0.0,0.0
AXE-23-004,349.9,350.6,0.0,0.0,0.0
AXE-23-004,350.6,357.56,0.0,0.0,0.0
AXE-23-004,357.56,363.4,0.1,0.1,0.0
AXE-23-004,363.4,363.83,0.0,0.0,0.0
AXE-23-004,363.83,377.0,1.0,0.1,0.0
AXE-23-004,409.0,410.0,0.1,0.0,0.0
AXE-23-004,410.0,479.0,0.1,0.0,0.0
AXE-23-004,,,,,
AXE-23-004,,,,,
AXE-23-004,479.0,496.35,0.1,0.0,0.0
AXE-23-004,,,,,
AXE-23-004,496.35,502.0,0.01,0.0,0.0
AXE-23-004,,,,,
AXE-23-004,,,,,
AXE-23-004,,,,,
AXE-23-004,,,,,
AXE-23-004,502.0,548.33,0.1,0.0,0.0
AXE-23-004,,,,,
AXE-23-004,,,,,
AXE-23-004,,,,,
AXE-23-004,,,,,
AXE-23-004,,,,,
AXE-23-004,,,,,
AXE-23-004,548.33,549.4,0.0,0.0,0.0
AXE-23-004,549.4,557.7,0.0,0.0,0.0
AXE-23-004,557.7,610.6,0.1,0.0,0.0
AXE-23-004,610.6,612.6,0.1,0.0,0.0
AXE-23-004,,,,,
AXE-23-004,,,,,
AXE-23-004,,,,,
AXE-23-004,,,,,
AXE-23-004,,,,,
AXE-23-004,612.6,619.6,0.1,0.0,0.0
AXE-23-004,619.6,665.0,0.1,0.0,0.0
AXE-23-004,665.0,707.0,0.1,0.0,0.0
AXE-23-004,,,,,
AXE-23-004,,,,,
AXE-23-004,,,,,
AXE-23-005,,,,,
AXE-23-005,,,,,
AXE-23-005,6.0,12.0,0.5,0.0,0.0
AXE-23-005,12.0,18.0,0.1,0.0,0.0
AXE-23-005,18.0,21.7,0.5,0.1,0.0
AXE-23-005,,,,,
AXE-23-005,,,,,
AXE-23-005,21.7,30.1,0.1,0.0,0.0
AXE-23-005,,,,,
AXE-23-005,30.1,32.63,0.5,0.1,0.0
AXE-23-005,32.63,39.0,0.5,0.0,0.0
AXE-23-005,39.0,48.81,0.1,0.0,0.0
AXE-23-005,48.81,59.0,1.0,0.1,0.0
AXE-23-005,59.0,66.21,0.5,0.1,0.0
AXE-23-005,66.21,68.75,0.1,0.1,0.0
AXE-23-005,68.75,72.0,0.1,0.0,0.0
AXE-23-005,,,,,
AXE-23-005,72.0,87.35,0.1,0.0,0.0
AXE-23-006,,,,,
AXE-23-006,,,,,
AXE-23-006,7.0,9.68,0.1,0.0,0.0
AXE-23-006,9.68,15.0,0.1,0.0,0.0
AXE-23-006,15.0,15.54,0.0,0.0,0.0
AXE-23-006,15.54,30.09,0.1,0.1,0.0
AXE-23-006,30.09,32.6,5.0,0.1,0.0
AXE-23-006,32.6,33.53,10.0,0.0,0.0
AXE-23-006,33.53,41.4,5.0,0.0,0.0
AXE-23-006,,,,,
AXE-23-006,,,,,
AXE-23-006,41.4,53.43,0.1,0.0,0.0
AXE-23-006,,,,,
AXE-23-006,53.43,63.8,10.0,0.1,0.0
AXE-23-006,63.8,70.85,0.1,0.0,0.0
AXE-23-006,,,,,
AXE-23-006,70.85,71.85,10.0,0.0,0.0
AXE-23-006,71.85,75.0,10.0,0.0,0.0
AXE-23-006,75.0,85.3,0.1,0.0,0.0
AXE-23-006,85.3,97.35,0.1,0.0,0.0
AXE-23-006,,,,,
AXE-23-006,,,,,
AXE-23-007,,,,,
AXE-23-007,118.25,123.0,1.0,0.0,0.0
AXE-23-007,123.0,132.0,0.1,0.0,0.0
AXE-23-007,132.0,144.05,0.1,0.0,0.0
AXE-23-007,,,,,
AXE-23-007,144.05,144.9,0.0,0.0,0.0
AXE-23-007,144.9,151.4,0.1,0.0,0.0
AXE-23-007,151.4,155.1,0.1,0.0,0.0
AXE-23-007,155.1,159.0,0.1,0.1,0.0
AXE-23-007,,,,,
AXE-23-007,159.0,162.28,0.1,0.0,0.0
AXE-23-007,162.28,167.15,1.0,0.0,0.0
AXE-23-007,167.15,178.32,5.0,0.0,0.0
AXE-23-007,178.32,180.0,1.0,0.0,0.0
AXE-23-007,,,,,
AXE-23-007,181.6,186.7,0.1,0.1,0.0
AXE-23-007,186.7,187.54,1.0,0.0,0.0
AXE-23-007,187.54,192.65,1.0,0.0,0.0
AXE-23-007,192.65,196.09,0.1,0.0,0.0
AXE-23-007,196.09,203.72,0.1,0.0,0.0
AXE-23-007,203.72,205.0,0.0,0.0,0.0
AXE-23-007,205.0,217.43,0.1,0.1,0.0
AXE-23-007,217.43,218.52,0.5,0.0,0.0
AXE-23-007,218.52,226.91,0.1,0.0,0.0
AXE-23-007,226.91,235.18,10.0,0.1,0.0
AXE-23-007,235.18,237.54,0.3,0.1,0.0
AXE-23-007,237.54,240.0,10.0,0.1,0.0
AXE-23-007,240.0,259.3,0.1,0.0,0.0
AXE-23-007,259.3,261.7,2.5,0.5,0.0
AXE-23-007,261.7,268.2,0.0,0.0,0.0
AXE-23-007,268.2,274.66,2.5,2.5,0.0
AXE-23-007,,,,,
AXE-23-007,,,,,
AXE-23-007,274.66,288.12,1.0,0.1,0.0
AXE-23-007,288.12,291.39,0.0,0.0,0.0
AXE-23-007,291.39,311.19,1.0,0.0,0.0
AXE-23-007,,,,,
AXE-23-007,,,,,
AXE-23-007,,,,,
AXE-23-007,,,,,
AXE-23-007,,,,,
AXE-23-007,311.19,332.15,0.01,0.01,0.0
AXE-23-007,332.15,349.26,0.01,0.0,0.0
AXE-23-007,349.26,360.0,0.01,0.01,0.0
AXE-23-007,360.0,384.22,0.01,0.01,0.0
AXE-23-007,384.22,419.15,0.01,0.01,0.0
AXE-23-007,419.15,446.69,0.1,0.0,0.0
AXE-23-007,446.69,451.51,0.5,0.0,0.0
AXE-23-007,451.51,459.0,0.1,0.0,0.0
AXE-23-008,,,,,
AXE-23-008,,,,,
AXE-23-008,21.0,47.88,0.5,0.1,0.0
AXE-23-008,47.88,49.3,10.0,0.1,0.0
AXE-23-008,49.3,53.7,0.1,0.0,0.0
AXE-23-008,53.7,60.29,0.1,0.0,0.0
AXE-23-008,60.29,62.67,2.0,0.1,0.0
AXE-23-008,62.67,65.78,5.0,0.0,0.0
AXE-23-008,65.78,69.16,1.0,0.0,0.0
AXE-23-008,,,,,
AXE-23-008,69.16,75.0,5.0,0.1,0.0
AXE-23-008,75.0,96.41,1.0,0.0,0.0
AXE-23-008,96.41,98.41,0.1,0.1,0.0
AXE-23-008,,,,,
AXE-23-008,98.41,103.47,0.1,1.0,0.0
AXE-23-008,103.47,104.25,20.0,1.0,0.0
AXE-23-008,104.25,120.0,0.5,0.2,0.0
AXE-23-008,120.0,144.0,0.5,0.1,0.0
AXE-23-008,,,,,
AXE-23-008,,,,,
AXE-23-008,144.0,150.27,5.0,0.0,0.0
AXE-23-008,150.27,168.8,5.0,0.1,0.0
AXE-23-008,,,,,
AXE-23-008,168.8,177.1,5.0,0.2,0.0
AXE-23-008,177.1,184.66,1.0,1.0,0.0
AXE-23-008,184.66,194.23,0.5,0.2,0.0
AXE-23-008,194.23,204.8,0.2,0.1,0.0
AXE-23-008,204.8,210.55,8.0,2.0,0.0
AXE-23-008,210.55,240.0,0.5,0.0,0.0
AXE-23-008,240.0,259.0,1.0,0.0,0.0
AXE-23-008,259.0,279.8,1.0,0.1,0.0
AXE-23-008,,,,,
AXE-23-008,,,,,
AXE-23-008,279.8,294.0,10.0,0.05,0.0
AXE-23-008,,,,,
AXE-23-008,294.0,297.0,0.5,0.0,0.0
AXE-23-008,297.0,302.63,10.0,0.0,0.0
AXE-23-008,302.63,308.44,0.01,0.0,0.0
AXE-23-008,308.44,311.58,0.5,0.0,0.0
AXE-23-008,311.58,313.01,0.01,0.0,0.0
AXE-23-008,313.01,315.33,15.0,0.1,0.0
AXE-23-008,315.33,317.39,0.01,0.0,0.0
AXE-23-008,317.39,319.69,20.0,0.0,0.0
AXE-23-008,,,,,
AXE-23-008,319.69,321.62,20.0,0.0,0.0
AXE-23-008,321.62,327.0,15.0,0.0,0.0
AXE-23-008,,,,,
AXE-23-008,327.0,339.0,15.0,0.1,0.0
AXE-23-008,,,,,
AXE-23-008,339.0,341.1,0.0,0.0,0.0
AXE-23-008,341.1,344.05,15.0,0.05,0.0
AXE-23-008,344.05,345.09,0.0,0.0,0.0
AXE-23-008,345.09,350.26,9.0,0.1,0.0
AXE-23-008,,,,,
AXE-23-008,350.26,359.06,10.0,0.0,0.0
AXE-23-008,359.06,367.88,10.0,0.05,0.0
AXE-23-008,367.88,370.29,10.0,0.5,0.0
AXE-23-008,370.29,372.5,0.1,5.0,0.0
AXE-23-008,372.5,388.78,1.0,0.1,0.0
AXE-23-008,,,,,
AXE-23-008,,,,,
AXE-23-008,388.78,390.0,0.1,0.0,0.0
AXE-23-008,390.0,406.81,2.0,0.1,0.0
AXE-23-008,,,,,
AXE-23-008,406.81,410.4,5.0,0.1,0.0
AXE-23-008,410.4,411.48,0.5,0.2,0.0
AXE-23-008,411.48,419.68,5.0,1.0,0.0
AXE-23-008,419.68,424.25,0.0,0.0,0.0
AXE-23-008,424.25,438.16,2.0,0.5,0.0
AXE-23-008,438.16,448.46,0.7,0.1,0.0
AXE-23-008,448.46,462.25,2.0,0.6,0.0
AXE-23-008,462.25,464.07,5.0,0.8,0.0
AXE-23-008,464.07,474.38,1.0,0.1,0.0
AXE-23-008,474.38,505.52,0.8,0.3,0.0
AXE-23-008,505.52,506.29,0.0,0.0,0.0
AXE-23-008,506.29,564.59,1.0,0.2,0.0
AXE-23-008,,,,,
AXE-23-008,564.59,566.07,0.0,0.0,0.0
AXE-23-008,566.07,616.34,1.0,0.01,0.0
AXE-23-008,616.34,618.34,0.0,0.0,0.0
AXE-23-008,618.34,623.15,0.7,0.0,0.0
AXE-23-008,623.15,628.8,0.0,0.0,0.0
AXE-23-008,628.8,708.69,1.0,0.01,0.0
AXE-23-008,708.69,709.96,0.0,0.0,0.0
AXE-23-008,709.96,711.43,0.7,0.0,0.0
AXE-23-008,711.43,713.06,3.5,3.0,0.0
AXE-23-008,713.06,719.0,2.0,0.3,0.0
AXE-23-008,719.0,749.65,1.0,0.2,0.0
AXE-23-008,749.65,752.87,0.6,0.2,0.0
AXE-23-008,752.87,754.01,0.0,0.0,0.0
AXE-23-008,754.01,759.2,0.5,0.2,0.0
AXE-23-008,759.2,774.18,0.3,0.1,0.0
AXE-23-008,774.18,804.0,0.5,0.2,0.0
AXE-23-008,,,,,
AXE-23-008,,,,,
AXE-23-008,,,,,
AXE-23-008,,,,,
AXE-23-008,804.0,808.75,0.0,0.0,0.0
AXE-23-008,,,,,
AXE-23-008,,,,,
AXE-23-008,808.75,810.5,0.0,0.0,0.0
AXE-23-008,810.5,816.27,0.0,0.0,0.0
AXE-23-008,816.27,817.37,0.0,0.0,0.0
AXE-23-008,817.37,863.65,0.8,0.01,0.0
AXE-23-008,863.65,864.86,0.0,0.0,0.0
AXE-23-008,,,,,
AXE-23-008,,,,,
AXE-23-008,,,,,
AXE-23-008,864.86,871.86,0.0,0.0,0.0
AXE-23-008,871.86,874.54,0.3,0.0,0.0
AXE-23-008,874.54,880.13,0.0,0.0,0.0
AXE-23-008,880.13,889.97,0.5,0.0,0.0
AXE-23-008,889.97,897.0,0.0,0.0,0.0
AXE-23-009,,,,,
AXE-23-009,27.0,35.0,2.0,0.1,0.0
AXE-23-009,35.0,46.6,0.3,0.15,0.0
AXE-23-009,46.6,55.37,2.0,0.15,0.0
AXE-23-009,55.37,59.3,0.0,0.0,0.0
AXE-23-009,59.3,83.0,2.0,0.1,0.0
AXE-23-010,,,,,
AXE-23-010,90.0,145.8,3.0,0.2,0.0
AXE-23-010,,,,,
AXE-23-010,,,,,
AXE-23-010,145.8,148.49,0.0,0.0,0.0
AXE-23-010,148.49,209.0,0.9,0.0,0.0
AXE-23-010,,,,,
AXE-23-010,209.0,213.44,0.0,0.0,0.0
AXE-23-010,213.44,263.04,3.0,0.07,0.0
AXE-23-010,,,,,
AXE-23-010,263.04,314.23,2.0,0.05,0.0
AXE-23-010,314.23,315.87,0.0,0.0,0.0
AXE-23-010,315.87,377.13,1.0,0.15,0.0
AXE-23-010,,,,,
AXE-23-010,,,,,
AXE-23-010,377.13,381.35,0.0,0.0,0.0
AXE-23-010,381.35,383.8,1.0,0.0,0.0
AXE-23-010,,,,,
AXE-23-010,410.77,417.87,0.1,0.0,0.0
AXE-23-010,417.87,430.4,0.1,0.0,0.0
AXE-23-010,430.4,581.6,0.75,0.05,0.0
AXE-23-010,,,,,
AXE-23-010,,,,,
AXE-23-010,581.6,598.2,0.1,0.0,0.0
AXE-23-010,598.2,613.25,0.1,0.0,0.0
AXE-23-010,613.25,665.6,0.1,0.0,0.0
AXE-23-010,,,,,
AXE-23-010,,,,,
AXE-23-010,,,,,
AXE-23-010,665.6,667.82,0.1,0.0,0.0
AXE-23-010,667.82,709.1,0.05,0.0,0.0
AXE-23-011,,,,,
AXE-23-011,21.0,23.0,0.2,0.0,0.0
AXE-23-011,23.0,53.0,0.1,0.1,0.0
AXE-23-011,64.29,67.58,0.1,0.0,0.0
AXE-23-011,67.58,69.75,5.0,0.1,0.0
AXE-23-011,69.75,74.0,8.0,0.4,0.0
AXE-23-011,74.0,79.75,15.0,15.0,0.0
AXE-23-011,79.75,88.2,5.0,0.25,0.0
AXE-23-011,88.2,92.0,0.1,0.0,0.0
AXE-23-011,,,,,
AXE-23-011,,,,,
AXE-23-011,106.2,108.25,2.0,0.8,0.0
AXE-23-011,108.25,132.75,0.75,0.1,0.0
AXE-23-011,132.75,133.45,0.0,0.0,0.0
AXE-23-011,133.45,137.95,0.2,0.1,0.0
AXE-23-011,137.95,140.0,0.1,0.0,0.0
AXE-23-011,,,,,
AXE-23-011,141.0,156.95,0.5,0.0,0.0
AXE-23-011,,,,,
AXE-23-011,156.95,158.55,5.0,15.0,0.0
AXE-23-011,158.55,165.5,0.5,0.7,0.0
AXE-23-011,165.5,167.22,0.0,20.0,0.0
AXE-23-011,167.22,171.4,0.1,0.0,0.0
AXE-23-011,171.4,179.35,2.0,17.0,0.0
AXE-23-011,179.35,186.5,0.5,0.1,0.0
AXE-23-011,186.5,191.2,0.5,0.2,0.0
AXE-23-011,193.5,198.05,0.0,20.0,0.0
AXE-23-011,198.05,200.0,0.2,1.0,0.0
AXE-23-011,200.0,206.0,0.1,0.0,0.0
AXE-23-011,206.0,209.0,1.0,0.1,0.0
AXE-23-011,209.0,212.0,0.1,0.0,0.0
AXE-23-011,212.0,218.0,1.0,0.0,0.0
AXE-23-011,218.0,309.48,0.5,0.1,0.0
AXE-23-011,309.48,342.9,0.5,0.1,0.0
AXE-23-011,342.9,372.33,8.0,0.4,0.0
AXE-23-011,372.33,374.8,0.1,0.0,0.0
AXE-23-011,374.8,380.47,5.0,0.1,0.0
AXE-23-011,380.47,462.37,5.0,0.1,0.0
AXE-23-011,462.37,464.0,0.4,0.2,0.0
AXE-23-011,464.0,465.85,2.0,0.7,0.0
AXE-23-011,465.85,468.26,0.1,0.0,0.0
AXE-23-011,468.26,476.44,2.0,0.1,0.0
AXE-23-011,476.44,480.3,0.1,0.0,0.0
AXE-23-011,,,,,
AXE-23-011,480.79,482.79,0.0,0.0,0.0
AXE-23-011,482.79,509.54,0.0,0.0,0.0
AXE-23-011,509.54,511.75,0.0,0.0,0.0
AXE-23-011,511.75,516.0,0.3,0.01,0.0
AXE-23-011,516.0,521.32,0.15,0.01,0.0
AXE-23-011,521.32,527.4,0.0,0.0,0.0
AXE-23-011,527.4,531.85,0.0,0.0,0.0
AXE-23-011,,,,,
AXE-23-011,531.85,533.11,3.0,0.05,0.0
AXE-23-011,533.11,544.14,0.0,0.0,0.0
AXE-23-011,544.14,550.6,2.0,0.05,0.0
AXE-23-011,550.6,553.16,0.0,0.0,0.0
AXE-23-011,553.16,574.62,0.9,0.2,0.0
AXE-23-011,574.62,579.08,0.0,0.0,0.0
AXE-23-011,579.08,599.63,0.9,0.2,0.0
AXE-23-011,599.63,609.34,0.07,0.02,0.0
AXE-23-011,609.34,614.99,0.05,0.0,0.0
AXE-23-011,614.99,665.5,0.8,0.12,0.0
AXE-23-011,,,,,
AXE-23-011,,,,,
AXE-23-011,,,,,
AXE-23-011,665.5,683.89,1.0,0.3,0.0
AXE-23-011,,,,,
AXE-23-011,683.89,688.09,0.0,0.0,0.0
AXE-23-011,688.09,693.35,0.5,0.05,0.0
AXE-23-011,693.35,695.33,0.0,0.0,0.0
AXE-23-011,695.33,696.62,0.7,0.1,0.0
AXE-23-011,696.62,698.42,0.0,0.0,0.0
AXE-23-011,698.42,730.22,1.0,0.2,0.0
AXE-23-011,,,,,
AXE-23-011,730.22,731.85,0.0,0.0,0.0
AXE-23-011,731.85,733.64,0.0,0.0,0.0
AXE-23-011,733.64,750.48,0.3,0.07,0.0
AXE-23-011,750.48,751.86,0.0,0.0,0.0
AXE-23-011,751.86,765.41,0.8,0.02,0.0
AXE-23-011,765.41,769.02,0.0,0.0,0.0
AXE-23-011,769.02,781.01,1.0,0.0,0.0
AXE-23-011,781.01,781.93,0.0,0.0,0.0
AXE-23-011,781.93,786.13,0.4,0.0,0.0
AXE-23-011,786.13,791.25,0.0,0.0,0.0
AXE-23-011,791.25,818.17,0.7,0.03,0.0
AXE-23-011,818.17,861.28,1.0,0.25,0.0
AXE-23-011,,,,,
AXE-23-011,861.28,862.11,0.0,0.0,0.0
AXE-23-011,862.11,902.67,3.0,0.0,0.0
AXE-23-011,902.67,911.43,0.5,0.07,0.0
AXE-23-011,911.43,913.42,0.0,0.0,0.0
AXE-23-011,913.42,919.53,0.5,0.05,0.0
AXE-23-011,,,,,
AXE-23-011,919.53,957.63,0.6,0.06,0.0
AXE-23-011,,,,,
AXE-23-011,,,,,
AXE-23-011,957.63,958.69,0.0,0.0,0.0
AXE-23-011,958.69,1031.0,0.5,0.0,0.0
AXE-23-011,,,,,
AXE-23-012,,,,,
AXE-23-012,9.0,185.0,1.0,0.1,0.0
AXE-23-012,185.0,357.39,0.8,0.1,0.0
AXE-23-012,357.39,366.22,1.0,0.15,0.0
AXE-23-012,366.22,371.71,0.8,0.15,0.0
AXE-23-012,371.71,372.24,0.0,0.0,0.0
AXE-23-012,372.24,427.56,0.7,0.06,0.0
AXE-23-012,427.56,449.91,0.5,0.07,0.0
AXE-23-012,449.91,455.0,0.5,0.03,0.0
AXE-23-012,455.0,486.47,0.5,0.05,0.0
AXE-23-012,,,,,
AXE-23-012,,,,,
AXE-23-012,486.47,488.73,0.3,0.01,0.0
AXE-23-012,488.73,607.45,0.5,0.1,0.0
AXE-23-012,,,,,
AXE-23-012,607.45,608.14,0.5,0.0,0.0
AXE-23-012,608.14,628.76,0.2,0.0,0.0
AXE-23-012,628.76,629.9,0.3,0.0,0.0
AXE-23-012,629.9,637.44,0.5,0.01,0.0
AXE-23-012,637.44,673.84,0.25,0.01,0.0
AXE-23-012,727.45,737.6,0.5,0.1,0.0
AXE-23-012,737.6,788.0,0.1,0.0,0.0
AXE-23-012,788.0,793.35,0.1,0.05,0.0
AXE-23-012,821.75,834.4,0.05,0.0,0.0
AXE-23-012,834.4,849.0,0.05,0.0,0.0
AXE-23-013,,,,,
AXE-23-013,9.0,32.0,0.2,0.1,0.0
AXE-23-013,32.0,80.0,0.3,0.2,0.0
AXE-23-013,80.0,95.3,0.4,0.2,0.0
AXE-23-013,,,,,
AXE-23-013,,,,,
AXE-23-013,95.3,119.0,0.5,0.1,0.0
AXE-23-013,119.0,140.5,0.1,0.1,0.0
AXE-23-013,140.5,161.35,0.5,0.1,0.0
AXE-23-013,,,,,
AXE-23-013,,,,,
AXE-23-013,,,,,
AXE-23-013,,,,,
AXE-23-013,161.35,203.0,0.2,0.1,0.0
AXE-23-013,203.0,224.0,0.4,0.15,0.0
AXE-23-013,,,,,
AXE-23-013,,,,,
AXE-23-013,,,,,
AXE-23-013,277.0,292.5,0.5,0.2,0.0
AXE-23-013,292.5,308.0,0.7,0.1,0.0
AXE-23-013,351.97,411.2,0.1,0.05,0.0
AXE-23-013,411.2,426.5,1.0,0.1,0.0
AXE-23-013,426.5,487.35,1.0,0.1,0.0
AXE-23-013,,,,,
AXE-23-013,,,,,
AXE-23-013,539.45,542.47,0.5,0.1,0.0
AXE-23-013,542.47,544.87,0.05,0.0,0.0
AXE-23-013,544.87,548.48,0.2,0.05,0.0
AXE-23-013,548.48,560.98,0.1,0.05,0.0
AXE-23-013,560.98,565.6,0.5,0.1,0.0
AXE-23-013,565.6,585.0,0.35,0.1,0.0
AXE-23-013,,,,,
AXE-23-013,,,,,
AXE-23-013,585.0,606.3,0.3,0.2,0.0
AXE-23-013,,,,,
AXE-23-013,606.3,627.15,0.25,0.1,0.0
AXE-23-013,,,,,
AXE-23-013,,,,,
AXE-23-013,627.15,628.23,0.75,0.0,0.0
AXE-23-013,628.23,644.39,0.1,0.1,0.0
AXE-23-013,644.39,646.15,0.1,0.0,0.0
AXE-23-013,646.15,657.45,0.25,0.0,0.0
AXE-23-013,657.45,660.45,0.5,0.0,0.0
AXE-23-013,660.45,667.46,0.75,0.0,0.0
AXE-23-013,667.46,714.62,1.0,0.1,0.0
AXE-23-013,,,,,
AXE-23-013,714.62,742.25,0.25,0.0,0.0
AXE-23-013,742.25,755.67,0.1,0.0,0.0
AXE-23-013,755.67,782.6,0.3,0.0,0.0
AXE-23-013,782.6,843.84,0.75,0.0,0.0
AXE-23-013,843.84,863.0,0.5,0.0,0.0
AXE-23-013,863.0,872.63,0.25,0.0,0.0
AXE-23-013,,,,,
AXE-23-014,,,,,
AXE-23-014,9.0,66.9,0.1,0.5,0.0
AXE-23-014,66.9,96.15,0.4,0.5,0.0
AXE-23-014,96.15,131.0,0.4,0.5,0.0
AXE-23-014,131.0,143.36,0.01,0.2,0.0
AXE-23-014,143.36,153.56,0.5,1.0,0.0
AXE-23-014,153.56,184.53,0.01,1.0,0.0
AXE-23-014,184.53,200.0,0.0,0.5,0.0
AXE-23-014,200.0,227.91,0.1,1.0,0.0
AXE-23-014,227.91,228.32,0.2,1.5,0.0
AXE-23-014,228.32,254.0,0.2,1.0,0.0
AXE-23-014,,,,,
AXE-23-014,,,,,
AXE-23-014,254.0,299.0,0.1,1.0,0.0
AXE-23-014,299.0,301.54,0.1,0.5,0.0
AXE-23-014,301.54,308.0,0.01,0.5,0.0
AXE-23-014,317.37,335.0,0.01,0.5,0.0
AXE-23-014,,,,,
AXE-23-014,,,,,
AXE-23-014,335.0,347.72,0.02,0.1,0.0
AXE-23-014,347.72,379.14,0.5,0.5,0.0
AXE-23-014,,,,,
AXE-23-014,,,,,
AXE-23-014,,,,,
AXE-23-014,,,,,
AXE-23-014,,,,,
AXE-23-014,,,,,
AXE-23-014,,,,,
AXE-23-014,,,,,
AXE-23-014,379.14,413.0,0.1,0.4,0.0
AXE-23-014,413.0,493.61,0.5,1.0,0.0
AXE-23-014,,,,,
AXE-23-014,,,,,
AXE-23-014,,,,,
AXE-23-014,,,,,
AXE-23-014,,,,,
AXE-23-014,,,,,
AXE-23-014,,,,,
AXE-23-014,,,,,
AXE-23-014,493.61,527.23,0.5,1.0,0.0
AXE-23-014,527.23,533.0,0.1,0.5,0.0
AXE-23-014,533.0,569.67,0.1,1.0,0.0
AXE-23-014,,,,,
AXE-23-014,,,,,
AXE-23-014,608.48,635.52,0.01,0.05,0.0
AXE-23-014,635.52,637.34,0.05,0.5,0.0
AXE-23-014,637.34,649.78,0.1,1.0,0.0
AXE-23-014,649.78,773.0,0.03,0.5,0.0
AXE-23-014,773.0,895.06,0.03,0.5,0.0
AXE-23-014,,,,,
AXE-23-014,,,,,
AXE-23-014,,,,,
AXE-23-014,,,,,
AXE-23-014,,,,,
AXE-23-014,,,,,
AXE-23-014,,,,,
AXE-23-014,895.06,907.48,0.02,1.0,0.0
AXE-23-014,,,,,
AXE-23-014,907.48,913.74,0.02,1.0,0.0
AXE-23-014,913.74,926.79,0.02,1.0,0.0
AXE-23-014,926.79,970.2,0.0,0.2,0.0
AXE-23-014,970.2,984.83,0.0,0.1,0.0
AXE-23-014,984.83,988.74,0.0,0.0,0.0
AXE-23-014,988.74,1007.0,0.0,0.2,0.0
AXE-23-014,1007.0,1008.32,0.0,0.0,0.0
AXE-23-014,1008.32,1044.65,0.0,0.2,0.0
AXE-23-014,1044.65,1046.18,0.0,0.0,0.0
AXE-23-014,1046.18,1051.54,0.0,0.3,0.0
AXE-23-014,1051.54,1061.82,0.0,0.2,0.0
AXE-23-015,,,,,
AXE-23-015,36.0,58.0,0.5,0.0,0.0
AXE-23-015,,,,,
AXE-23-015,70.0,112.0,0.5,0.0,0.0
AXE-23-015,,,,,
AXE-23-015,112.0,123.0,1.0,0.0,0.0
AXE-23-015,123.0,136.55,0.0,0.0,0.0
AXE-23-015,136.55,151.6,1.0,0.0,0.0
AXE-23-015,151.6,158.61,5.0,0.0,0.0
AXE-23-015,158.61,165.27,1.0,0.0,0.0
AXE-23-015,165.27,180.42,1.5,0.0,0.0
AXE-23-015,180.42,195.28,5.0,0.0,0.0
AXE-23-015,,,,,
AXE-23-015,195.28,202.31,5.0,0.0,0.0
AXE-23-015,202.31,228.75,5.0,0.0,0.0
AXE-23-015,,,,,
AXE-23-015,228.75,237.9,0.01,0.0,0.0
AXE-23-015,237.9,238.33,0.5,0.0,0.0
AXE-23-015,238.33,243.32,3.0,0.0,0.0
AXE-23-015,243.32,251.57,1.0,0.0,0.0
AXE-23-015,251.57,253.0,3.0,0.0,0.0
AXE-23-016,,,,,
AXE-23-016,57.0,80.0,0.5,0.0,0.0
AXE-23-016,80.0,104.0,0.1,0.0,0.0
AXE-23-016,,,,,
AXE-23-016,108.0,110.0,0.1,0.0,0.0
AXE-23-016,,,,,
AXE-23-016,123.0,141.15,0.1,0.0,0.0
AXE-23-016,141.15,174.52,0.0,0.0,0.0
AXE-23-016,174.52,181.55,0.5,0.0,0.0
AXE-23-016,181.55,184.67,0.0,0.0,0.0
AXE-23-016,184.67,187.12,0.5,0.0,0.0
AXE-23-016,187.12,187.54,0.0,0.0,0.0
AXE-23-016,187.54,193.89,0.5,0.0,0.0
AXE-23-016,193.89,197.43,3.0,0.0,0.0
AXE-23-016,197.43,205.83,5.0,0.0,0.0
AXE-23-016,205.83,250.37,3.0,0.0,0.0
AXE-23-016,,,,,
AXE-23-016,250.37,256.12,3.0,0.0,0.0
AXE-23-016,256.12,258.13,0.0,0.0,0.0
AXE-23-016,258.13,273.02,1.0,0.0,0.0
AXE-23-016,273.02,281.0,1.0,0.0,0.0
AXE-23-016,281.0,290.0,2.5,0.0,0.0
AXE-23-016,290.0,292.0,0.0,0.0,0.0
AXE-23-016,292.0,320.0,2.0,0.0,0.0
AXE-23-016,320.0,416.57,1.5,0.0,0.0
AXE-23-016,416.57,443.56,1.0,0.0,0.0
AXE-23-016,443.56,468.09,0.5,0.0,0.0
AXE-23-016,468.09,497.07,5.0,0.0,0.0
AXE-23-016,497.07,533.92,0.5,0.0,0.0
AXE-23-016,533.92,541.75,1.0,0.0,0.0
AXE-23-016,541.75,546.57,0.1,0.0,0.0
AXE-23-016,546.57,572.0,1.0,0.0,0.0
AXE-23-016,572.0,580.45,0.3,0.0,0.0
AXE-23-016,580.45,599.24,0.2,0.0,0.0
AXE-23-016,599.24,603.31,2.0,0.2,0.0
AXE-23-016,603.31,603.7,0.0,0.0,0.0
AXE-23-016,603.7,607.5,3.0,0.0,0.0
AXE-23-016,607.5,624.7,3.0,0.0,0.0
AXE-23-016,624.7,626.0,0.0,0.0,0.0
AXE-23-016,626.0,629.0,3.0,0.0,0.0
AXE-23-016,629.0,636.38,1.5,0.0,0.0
AXE-23-016,636.38,674.0,1.0,0.0,0.0
AXE-23-016,674.0,686.0,0.5,0.0,0.0
AXE-23-016,686.0,722.0,1.0,0.0,0.0
AXE-23-016,722.0,731.0,0.5,0.0,0.0
AXE-23-016,731.0,744.0,0.5,0.0,0.0
AXE-23-016,744.0,782.0,1.0,0.0,0.0
AXE-23-017,55.5,57.0,0.3,0.0,0.0
AXE-23-017,,,,,
AXE-23-017,66.0,124.47,0.2,0.0,0.0
AXE-23-017,,,,,
AXE-23-017,124.47,136.38,0.5,0.0,0.0
AXE-23-017,136.38,199.88,0.1,0.0,0.0
AXE-23-017,199.88,235.48,0.2,0.0,0.0
AXE-23-017,235.48,242.64,1.0,0.1,0.0
AXE-23-017,242.64,249.8,0.75,0.0,0.0
AXE-23-017,249.8,252.96,0.5,0.0,0.0
AXE-23-017,252.96,275.1,0.75,0.0,0.0
AXE-23-017,275.1,315.2,0.75,0.0,0.0
AXE-23-017,315.2,356.27,0.5,0.0,0.0
AXE-23-017,356.27,364.05,1.0,0.0,0.0
AXE-23-017,,,,,
AXE-23-017,364.05,372.8,0.1,0.0,0.0
AXE-23-017,,,,,
AXE-23-017,372.8,382.3,0.5,0.0,0.0
AXE-23-017,382.3,402.24,1.0,0.0,0.0
AXE-23-017,402.24,403.15,0.1,0.0,0.0
AXE-23-017,403.15,406.0,2.0,0.0,0.0
AXE-23-017,406.0,409.15,0.1,0.0,0.0
AXE-23-017,409.15,415.5,1.0,0.0,0.0
AXE-23-017,415.5,417.6,0.05,0.0,0.0
AXE-23-017,417.6,426.0,0.3,0.0,0.0
AXE-23-017,426.0,428.1,0.05,0.0,0.0
AXE-23-017,,,,,
AXE-23-017,428.1,445.15,0.5,0.0,0.0
AXE-23-017,,,,,
AXE-23-017,445.15,448.8,0.05,0.0,0.0
AXE-23-017,448.8,450.35,0.4,0.0,0.0
AXE-23-017,450.35,458.76,0.05,0.0,0.0
AXE-23-017,458.76,459.75,1.0,0.0,0.0
AXE-23-017,459.75,522.0,0.5,0.0,0.0
AXE-23-017,522.0,549.0,0.25,0.0,0.0
AXE-23-017,549.0,600.0,0.5,0.0,0.0
AXE-23-018,,,,,
AXE-23-018,48.0,62.1,0.25,0.0,0.0
AXE-23-018,62.1,80.85,0.1,0.0,0.0
AXE-23-018,,,,,
AXE-23-018,,,,,
AXE-23-018,80.85,99.27,0.75,0.0,0.0
AXE-23-018,99.27,115.35,0.1,0.0,0.0
AXE-23-018,115.35,158.0,0.5,0.0,0.0
AXE-23-018,158.0,203.0,0.5,0.0,0.0
AXE-23-018,203.0,269.0,1.0,0.0,0.0
AXE-23-018,,,,,
AXE-23-018,269.0,279.4,5.0,0.0,0.0
AXE-23-018,,,,,
AXE-23-018,279.4,283.53,0.5,0.0,0.0
AXE-23-018,283.53,326.0,0.75,0.0,0.0
AXE-23-018,326.0,335.0,0.1,0.0,0.0
AXE-23-018,335.0,364.18,0.5,0.0,0.0
AXE-23-018,364.18,388.0,1.0,0.05,0.0
AXE-23-018,388.0,461.0,0.5,0.05,0.0
AXE-23-018,461.0,482.0,3.0,0.5,0.0
AXE-23-018,482.0,515.0,0.5,0.05,0.0
AXE-23-018,515.0,548.98,1.5,0.2,0.0
AXE-23-018,548.98,551.91,0.1,0.0,0.0
AXE-23-018,551.91,557.0,2.0,0.3,0.0
AXE-23-018,557.0,626.0,2.0,0.25,0.0
AXE-23-018,626.0,642.53,0.4,0.0,0.0
AXE-23-018,642.53,646.32,0.0,0.0,0.0
AXE-23-018,646.32,657.0,3.0,0.1,0.0
AXE-23-018,657.0,692.0,1.0,0.1,0.0
AXE-23-018,692.0,719.0,0.5,0.1,0.0
AXE-23-018,719.0,736.63,2.0,0.2,0.0
AXE-23-018,736.63,740.61,0.1,0.0,0.0
AXE-23-018,740.61,753.51,1.5,0.2,0.0
AXE-23-018,753.51,821.0,0.5,0.1,0.0
AXE-23-018,821.0,831.0,3.0,0.1,0.0
AXE-23-018,,,,,
AXE-23-018,831.0,837.0,5.0,0.2,0.0
AXE-23-018,837.0,857.71,7.0,0.1,0.0
AXE-23-018,857.71,864.75,5.0,0.1,0.0
AXE-23-018,864.75,872.0,5.0,0.3,0.0
AXE-23-018,872.0,938.0,3.0,0.05,0.0
AXE-23-019,,,,,
AXE-23-019,66.0,68.0,0.0,0.0,0.0
AXE-23-019,,,,,
AXE-23-019,72.0,117.62,0.2,0.01,0.0
AXE-23-019,117.62,146.0,1.0,0.0,0.0
AXE-23-021,,,,,
AXE-23-021,24.0,38.0,2.5,0.1,0.0
AXE-23-021,,,,,
AXE-23-021,51.0,77.0,2.5,0.1,0.0
AXE-23-021,,,,,
AXE-23-021,86.0,121.6,2.0,0.0,0.0
AXE-23-021,121.6,138.0,1.5,0.05,0.0
AXE-23-021,138.0,151.55,2.0,0.0,0.0
AXE-23-021,151.55,154.04,5.0,0.0,0.0
AXE-23-021,154.04,168.1,2.5,0.05,0.0
AXE-23-021,168.1,170.2,3.0,0.0,0.0
AXE-23-021,170.2,183.2,1.5,0.0,0.0
MPD-23-001,,,,,
MPD-23-001,21.0,24.0,0.5,0.0,0.0
MPD-23-001,24.0,30.0,0.0,0.0,0.0
MPD-23-001,30.0,96.0,1.0,0.3,0.0
MPD-23-001,96.0,97.0,0.5,0.0,0.0
MPD-23-001,97.0,106.4,1.0,0.2,0.0
MPD-23-001,106.4,114.2,0.3,0.0,0.0
MPD-23-001,114.2,140.0,1.0,5.0,0.0
MPD-23-001,140.0,149.0,0.0,0.0,0.2
MPD-23-001,149.0,181.0,0.0,0.0,0.0
MPD-23-001,181.0,206.0,0.0,0.1,0.0
MPD-23-001,206.0,214.36,0.0,0.0,0.2
MPD-23-001,214.36,231.5,0.0,0.0,0.0
MPD-23-001,231.5,235.61,0.0,0.0,0.1
MPD-23-001,235.61,249.09,0.0,0.0,0.0
MPD-23-001,249.09,258.85,0.0,0.5,0.1
MPD-23-001,258.85,263.61,0.0,0.0,0.5
MPD-23-001,263.61,272.88,0.0,0.0,0.0
MPD-23-001,272.88,278.0,0.0,0.5,0.1
MPD-23-001,278.0,323.0,0.0,0.0,0.0
MPD-23-001,323.0,328.0,0.0,0.0,0.0
MPD-23-001,328.0,331.0,0.0,0.0,0.0
MPD-23-001,331.0,333.0,0.0,0.0,0.0
MPD-23-001,,,,,
MPD-23-001,,,,,
MPD-23-001,370.26,374.27,0.0,0.0,0.0
MPD-23-001,374.27,416.3,0.0,0.0,0.01
MPD-23-001,416.3,420.5,0.0,0.0,0.0
MPD-23-001,420.5,430.57,0.0,0.0,0.0
MPD-23-001,430.57,455.61,0.0,0.0,0.0
MPD-23-001,455.61,462.32,0.0,0.0,0.0
MPD-23-001,462.32,464.0,0.0,0.1,0.1
MPD-23-001,464.0,476.3,0.0,0.0,0.0
MPD-23-001,476.3,491.0,0.0,0.1,0.0
MPD-23-001,491.0,503.0,0.0,0.5,0.7
MPD-23-001,503.0,560.0,0.0,1.0,0.8
MPD-23-001,560.0,598.35,0.0,0.3,0.3
MPD-23-001,598.35,604.0,0.5,0.3,0.0
MPD-23-001,604.0,635.78,0.0,0.2,0.2
MPD-23-001,635.78,661.0,0.0,0.3,0.3
MPD-23-001,661.0,680.0,1.0,0.4,0.0
MPD-23-001,680.0,690.83,1.0,0.01,0.0
MPD-23-001,690.83,692.25,10.0,0.1,0.0
MPD-23-001,692.25,704.07,0.5,0.2,0.0
MPD-23-001,704.07,750.06,0.5,0.3,0.0
MPD-23-001,750.06,766.67,0.5,0.25,0.0
MPD-23-001,766.67,771.89,1.0,0.25,0.0
MPD-23-001,771.89,790.29,1.5,0.25,0.0
MPD-23-001,790.29,808.89,1.5,0.1,0.0
MPD-23-001,808.89,811.77,1.5,1.0,0.0
MPD-23-001,811.77,842.55,1.5,0.2,0.0
MPD-23-001,842.55,846.86,1.0,0.0,0.0
MPD-23-001,846.86,881.16,1.5,0.01,0.0
MPD-23-001,881.16,909.08,3.0,0.0,0.0
MPD-23-001,,,,,
MPD-23-001,909.08,911.08,0.0,0.0,0.0
MPD-23-001,911.08,920.67,1.0,0.01,0.0
MPD-23-001,920.67,968.79,0.75,0.0,0.0
MPD-23-001,968.79,995.0,0.25,0.1,0.0
MPD-23-002,,,,,
MPD-23-002,28.55,47.59,0.5,0.0,0.0
MPD-23-002,47.59,67.61,0.75,0.1,0.0
MPD-23-002,67.61,89.15,0.25,0.01,0.0
MPD-23-002,89.15,122.11,0.25,0.1,0.0
MPD-23-002,122.11,132.36,0.25,0.2,0.0
MPD-23-002,132.36,147.75,0.75,0.3,0.0
MPD-23-002,147.75,168.5,0.75,0.3,0.0
MPD-23-002,168.5,198.67,0.25,0.1,0.0
MPD-23-002,198.67,203.85,0.25,0.2,0.0
MPD-23-002,,,,,
MPD-23-002,,,,,
MPD-23-002,203.85,218.9,0.75,0.1,0.0
MPD-23-002,218.9,231.17,0.75,0.1,0.0
MPD-23-002,231.17,237.26,0.1,0.0,0.0
MPD-23-002,237.26,253.16,0.25,0.1,0.0
MPD-23-002,253.16,262.91,0.25,0.25,0.1
MPD-23-002,262.91,263.34,0.0,0.0,0.0
MPD-23-002,263.34,276.54,0.25,0.2,0.01
MPD-23-002,276.54,279.9,0.01,0.0,0.0
MPD-23-002,279.9,286.8,0.01,0.01,0.0
MPD-23-002,286.8,288.66,0.01,0.0,0.0
MPD-23-002,288.66,294.0,0.01,0.01,0.0
MPD-23-002,294.0,314.68,0.01,0.0,0.0
MPD-23-002,314.68,342.15,0.1,0.01,0.0
MPD-23-002,,,,,
MPD-23-002,342.15,367.64,0.01,0.0,0.0
MPD-23-002,,,,,
MPD-23-002,367.64,429.64,0.1,0.0,0.0
MPD-23-002,,,,,
MPD-23-002,,,,,
MPD-23-002,,,,,
MPD-23-002,,,,,
MPD-23-002,,,,,
MPD-23-002,429.64,461.73,0.1,0.01,0.0
MPD-23-002,461.73,473.05,0.01,0.0,0.0
MPD-23-002,,,,,
MPD-23-002,473.05,486.0,0.01,0.01,0.0
MPD-23-002,486.0,506.5,0.01,0.0,0.0
MPD-23-002,506.5,545.85,0.01,0.0,0.0
MPD-23-002,,,,,
MPD-23-002,,,,,
MPD-23-002,,,,,
MPD-23-002,545.85,580.49,0.02,0.01,0.0
MPD-23-002,580.49,599.06,0.01,0.0,0.0
MPD-23-002,599.06,625.5,0.01,0.0,0.0
MPD-23-002,625.5,652.73,0.01,0.0,0.0
MPD-23-002,652.73,685.32,0.01,0.0,0.0
MPD-23-002,685.32,697.36,0.02,0.01,0.0
MPD-23-002,697.36,700.45,0.0,0.0,0.0
MPD-23-002,700.45,720.57,0.5,0.0,0.0
MPD-23-002,720.57,745.03,0.5,0.0,0.0
MPD-23-002,,,,,
MPD-23-002,745.03,759.0,1.0,0.1,0.0
MPD-23-002,759.0,789.58,0.1,0.0,0.0
MPD-23-002,789.58,791.21,2.0,0.0,0.0
MPD-23-002,805.37,821.0,0.5,0.0,0.0
MPD-23-002,821.0,822.0,0.1,0.0,0.0
MPD-23-002,822.0,849.12,0.5,0.05,0.0
MPD-23-002,849.12,855.0,0.5,0.0,0.0
MPD-23-002,855.0,882.0,0.1,0.1,0.0
MPD-23-002,882.0,883.0,0.5,0.0,0.0
MPD-23-002,883.0,900.0,0.1,0.0,0.0
MPD-23-003,,,,,
MPD-23-003,27.0,38.0,2.0,0.0,0.0
MPD-23-003,,,,,
MPD-23-003,39.0,47.0,10.0,0.01,0.0
MPD-23-003,47.0,74.0,10.0,0.1,0.0
MPD-23-003,74.0,93.51,5.0,0.05,0.0
MPD-23-003,93.51,98.0,0.0,0.05,0.0
MPD-23-003,98.0,121.15,1.0,0.01,0.0
MPD-23-003,121.15,123.51,5.0,0.2,0.0
MPD-23-003,123.51,133.18,1.0,0.01,0.0
MPD-23-003,133.18,161.0,1.0,0.1,0.0
MPD-23-003,161.0,180.9,0.1,0.1,0.0
MPD-23-003,180.9,196.04,0.1,0.1,0.1
MPD-23-003,196.04,206.35,0.1,0.0,0.0
MPD-23-003,,,,,
MPD-23-003,206.35,233.29,0.1,0.1,0.1
MPD-23-003,233.29,269.33,0.01,0.01,0.3
MPD-23-003,,,,,
MPD-23-003,269.33,302.0,0.0,0.0,0.3
MPD-23-003,302.0,316.7,0.0,0.1,0.0
MPD-23-003,316.7,326.53,0.0,0.1,0.0
MPD-23-003,326.53,339.67,0.0,0.0,0.0
MPD-23-003,339.67,353.0,0.0,0.0,0.0
MPD-23-003,353.0,356.0,0.0,0.1,0.0
MPD-23-003,356.0,365.0,0.0,0.0,0.0
MPD-23-003,,,,,
MPD-23-003,373.08,457.38,0.0,0.0,0.0
MPD-23-003,,,,,
MPD-23-003,,,,,
MPD-23-003,,,,,
MPD-23-003,457.38,467.0,0.05,0.05,0.0
MPD-23-003,467.0,500.36,0.0,0.0,0.0
MPD-23-003,,,,,
MPD-23-003,,,,,
MPD-23-003,500.36,593.0,0.1,0.1,0.0
MPD-23-003,593.0,599.0,0.1,0.1,0.0
MPD-23-003,599.0,613.33,0.0,0.0,0.0
MPD-23-003,613.33,629.0,0.0,0.0,0.0
MPD-23-003,629.0,655.0,0.5,0.1,0.0
MPD-23-003,655.0,667.8,1.0,0.1,0.0
MPD-23-003,667.8,671.0,5.0,0.01,0.0
MPD-23-003,671.0,674.0,0.0,0.1,0.0
MPD-23-003,700.48,706.47,0.05,0.1,0.0
MPD-23-003,706.47,719.0,0.0,0.1,0.0
MPD-23-003,719.0,720.72,0.0,0.0,0.3
MPD-23-003,720.72,758.0,0.0,0.1,0.0
MPD-23-003,758.0,782.0,0.0,0.0,0.0
MPD-23-003,782.0,784.1,0.0,0.2,0.0
MPD-23-003,784.1,797.0,0.0,0.0,0.0
MPD-23-003,797.0,824.1,0.0,0.0,0.0
MPD-23-003,,,,,
MPD-23-003,824.1,830.3,0.0,0.1,0.0
MPD-23-003,830.3,833.88,0.0,0.0,0.0
MPD-23-003,833.88,842.74,5.0,0.1,0.0
MPD-23-003,842.74,866.0,5.0,0.2,0.0
MPD-23-003,866.0,875.4,5.0,0.0,0.0
MPD-23-003,875.4,895.53,0.0,0.0,0.0
MPD-23-003,895.53,900.58,0.0,0.0,0.0
MPD-23-003,900.58,929.0,0.0,0.0,0.0
MPD-23-003,929.0,950.0,2.0,0.05,0.0
MPD-23-003,950.0,964.0,0.5,0.05,0.0
MPD-23-003,964.0,986.0,5.0,0.1,0.0
MPD-23-003,986.0,1011.62,0.0,0.1,0.05
MPD-23-003,,,,,
MPD-23-003,1011.62,1019.52,0.0,0.0,0.0
MPD-23-003,1019.52,1025.9,0.1,0.1,0.0
MPD-23-003,1025.9,1034.4,0.5,0.0,0.0
MPD-23-003,1034.4,1069.96,0.0,0.0,0.0
MPD-23-003,1069.96,1081.0,0.0,0.0,0.0
MPD-23-003,1081.0,1085.5,5.0,0.0,0.0
MPD-23-003,1085.5,1087.24,5.0,0.05,0.0
MPD-23-003,1087.24,1090.35,5.0,0.0,0.0
MPD-23-003,1090.35,1094.0,5.0,0.0,0.0
MPD-23-005,,,,,
MPD-23-005,54.0,101.0,5.0,0.1,0.0
MPD-23-005,101.0,108.0,0.0,0.1,0.0
MPD-23-005,108.0,111.1,0.0,0.1,0.0
MPD-23-005,111.1,129.0,0.0,0.1,0.0
MPD-23-005,129.0,140.0,0.0,0.1,0.0
MPD-23-005,140.0,148.0,0.0,0.1,0.0
MPD-23-005,148.0,154.0,0.0,0.0,0.0
MPD-23-005,154.0,158.24,0.0,0.1,0.1
MPD-23-005,158.24,171.0,0.0,0.1,0.2
MPD-23-005,171.0,189.2,0.0,0.1,0.1
MPD-23-005,,,,,
MPD-23-005,189.2,196.34,0.0,0.05,0.0
MPD-23-005,196.34,201.0,0.0,0.0,0.0
MPD-23-005,201.0,219.5,0.1,0.0,0.0
MPD-23-005,219.5,223.0,0.0,0.1,0.0
MPD-23-005,223.0,225.0,0.0,0.1,0.0
MPD-23-005,230.0,241.0,0.0,0.1,0.0
MPD-23-005,241.0,243.0,0.0,0.0,0.0
MPD-23-005,243.0,246.0,0.0,0.1,0.0
MPD-23-005,246.0,249.0,0.0,0.0,0.0
MPD-23-005,249.0,251.0,0.0,0.0,0.1
MPD-23-005,251.0,264.52,0.0,0.0,0.0
MPD-23-005,264.52,276.3,0.0,0.1,0.0
MPD-23-005,276.3,280.6,0.0,0.0,0.0
MPD-23-005,280.6,281.0,0.0,0.0,0.0
MPD-23-005,281.0,348.7,0.0,0.0,0.0
MPD-23-005,,,,,
MPD-23-005,,,,,
MPD-23-005,,,,,
MPD-23-005,348.7,357.0,1.5,0.0,0.0
MPD-23-005,357.0,390.0,1.5,0.1,0.0
MPD-23-005,390.0,403.0,0.5,0.0,0.0
MPD-23-005,403.0,423.0,0.0,0.0,0.0
MPD-23-005,423.0,436.0,0.0,0.0,0.0
MPD-23-005,436.0,477.0,0.1,0.0,0.0
MPD-23-005,477.0,513.0,1.0,0.0,0.0
MPD-23-005,513.0,539.64,0.1,0.0,0.0
MPD-23-005,539.64,541.37,0.1,0.0,0.0
MPD-23-005,541.37,549.43,1.0,0.0,0.0
MPD-23-005,549.43,554.01,4.0,0.0,0.0
MPD-23-005,554.01,573.0,1.0,0.0,0.0
MPD-23-005,573.0,618.0,1.0,0.0,0.0
MPD-23-005,618.0,621.0,3.0,0.5,0.0
MPD-23-005,621.0,656.1,0.5,0.0,0.0
MPD-23-005,656.1,657.5,5.0,0.0,0.0
MPD-23-005,657.5,690.0,2.0,0.0,0.0
MPD-23-005,690.0,696.55,0.5,0.0,0.0
MPD-23-005,696.55,702.3,3.0,0.0,0.0
MPD-23-005,702.3,735.15,0.5,0.0,0.0
MPD-23-005,735.15,753.85,3.0,0.0,0.0
MPD-23-005,753.85,757.2,3.0,0.0,0.0
MPD-23-005,757.2,820.31,5.0,0.0,0.0
MPD-23-005,820.31,821.49,3.0,0.0,0.0
MPD-23-005,821.49,825.0,5.0,0.0,0.0
MPD-23-006,,,,,
MPD-23-006,42.0,105.0,4.0,0.3,0.0
MPD-23-006,105.0,114.8,5.0,0.1,0.0
MPD-23-006,114.8,118.0,5.0,0.3,0.0
MPD-23-006,118.0,127.82,3.0,0.1,0.0
MPD-23-006,127.82,132.63,1.0,0.5,0.0
MPD-23-006,132.63,137.47,0.0,0.0,0.0
MPD-23-006,137.47,138.5,0.0,0.0,0.5
MPD-23-006,138.5,147.6,0.0,0.0,0.0
MPD-23-006,147.6,153.37,0.0,0.0,1.0
MPD-23-006,153.37,155.73,0.0,0.0,0.0
MPD-23-006,155.73,159.61,0.0,0.0,0.0
MPD-23-006,159.61,160.95,0.0,0.0,0.0
MPD-23-006,160.95,171.35,0.0,0.0,0.0
MPD-23-006,171.35,172.73,0.5,0.0,0.0
MPD-23-006,172.73,175.96,0.0,0.0,0.0
MPD-23-006,181.37,197.08,0.1,0.0,0.0
MPD-23-006,,,,,
MPD-23-006,,,,,
MPD-23-006,197.08,211.6,0.0,0.0,0.0
MPD-23-006,211.6,217.0,0.0,0.1,0.2
MPD-23-006,217.0,218.8,0.0,0.1,0.0
MPD-23-006,218.8,221.75,0.0,0.0,0.0
MPD-23-006,221.75,228.0,0.0,0.1,0.2
MPD-23-006,228.0,234.34,0.0,0.0,0.0
MPD-23-006,,,,,
MPD-23-006,234.34,236.9,0.0,0.0,0.0
MPD-23-006,236.9,237.5,0.0,0.2,0.5
MPD-23-006,237.5,250.5,0.0,0.0,0.0
MPD-23-006,250.5,251.0,0.0,0.1,0.1
MPD-23-006,251.0,252.8,0.0,0.0,0.0
MPD-23-006,252.8,253.0,0.0,0.1,0.0
MPD-23-006,253.0,280.33,0.0,0.0,0.0
MPD-23-006,,,,,
MPD-23-006,,,,,
MPD-23-006,280.33,283.75,0.0,0.0,0.0
MPD-23-006,283.75,316.0,0.0,0.0,0.0
MPD-23-006,316.0,318.0,0.0,0.0,0.0
MPD-23-006,318.0,323.3,0.0,0.0,0.0
MPD-23-006,,,,,
MPD-23-006,,,,,
MPD-23-006,,,,,
MPD-23-006,,,,,
MPD-23-006,323.42,330.23,0.1,0.1,0.0
MPD-23-006,330.23,332.0,0.0,0.0,0.0
MPD-23-006,332.0,335.83,0.0,0.0,0.0
MPD-23-006,335.83,357.0,0.5,0.0,0.0
MPD-23-006,357.0,376.0,0.0,0.0,0.0
MPD-23-006,376.0,384.0,0.0,0.0,0.0
MPD-23-006,384.0,385.7,0.0,0.0,0.0
MPD-23-006,385.7,390.0,0.0,0.0,0.0
MPD-23-006,,,,,
MPD-23-006,,,,,
MPD-23-006,417.63,418.7,0.0,0.1,0.0
MPD-23-006,418.7,426.0,0.0,0.0,0.0
MPD-23-006,426.0,438.0,0.0,0.1,0.1
MPD-23-006,444.18,448.0,0.1,0.1,0.0
MPD-23-006,448.0,449.5,0.0,0.0,0.0
MPD-23-006,449.5,450.5,0.0,0.1,0.1
MPD-23-006,461.3,463.4,1.0,0.0,0.0
MPD-23-006,463.4,472.51,0.0,0.0,0.0
MPD-23-006,472.51,474.85,0.0,0.0,0.0
MPD-23-006,474.85,485.0,1.0,0.0,0.0
MPD-23-006,485.0,486.0,0.0,0.0,0.0
MPD-23-006,486.0,493.0,0.0,0.0,0.0
MPD-23-006,493.0,497.1,0.5,0.1,0.0
MPD-23-006,497.1,507.0,0.0,0.0,0.0
MPD-23-006,507.0,526.93,0.0,0.0,0.0
MPD-23-006,526.93,527.82,0.0,0.0,0.0
MPD-23-006,527.82,530.0,3.0,0.0,0.0
MPD-23-006,530.0,536.19,0.0,0.0,0.0
MPD-23-006,536.19,565.67,5.0,0.0,0.0
MPD-23-006,565.67,674.4,0.0,0.0,0.0
MPD-23-006,674.4,675.36,0.0,0.0,0.0
MPD-23-006,675.36,681.0,5.0,0.0,0.0
MPD-23-006,681.0,682.25,2.5,0.0,0.0
MPD-23-006,682.25,765.3,8.0,0.0,0.0
MPD-23-006,,,,,
MPD-23-006,,,,,
MPD-23-006,,,,,
MPD-23-006,,,,,
MPD-23-006,,,,,
MPD-23-006,765.3,769.5,6.0,0.0,0.0
MPD-23-006,769.5,770.0,5.0,0.1,0.0
MPD-23-006,770.0,781.7,1.0,0.0,0.0
MPD-23-006,781.7,786.3,0.0,0.0,0.0
MPD-23-006,786.3,794.2,0.0,0.0,0.0
MPD-23-006,794.2,795.24,10.0,0.1,0.0
MPD-23-006,795.24,810.42,5.0,0.0,0.0
MPD-23-006,810.42,877.0,10.0,0.0,0.0
MPD-23-006,877.0,879.0,5.0,0.0,0.0
MPD-23-007,,,,,
MPD-23-007,48.0,74.0,0.5,0.1,0.0
MPD-23-007,74.0,78.0,0.0,0.1,0.0
MPD-23-007,78.0,80.0,0.0,0.1,0.1
MPD-23-007,93.4,138.0,0.0,0.0,0.0
MPD-23-007,138.0,151.46,0.0,0.0,0.0
MPD-23-007,151.46,152.16,0.0,0.0,0.0
MPD-23-007,152.16,154.0,0.0,0.0,0.0
MPD-23-007,177.88,179.06,0.0,0.0,0.0
MPD-23-007,179.06,187.85,0.0,0.05,0.0
MPD-23-007,187.85,189.0,0.0,0.1,0.0
MPD-23-007,189.0,193.15,0.0,0.0,0.0
MPD-23-007,193.15,193.67,0.0,0.0,0.0
MPD-23-007,193.67,210.0,0.0,0.0,0.0
MPD-23-007,210.0,210.75,2.0,0.0,0.0
MPD-23-007,210.75,216.0,2.0,0.1,0.0
MPD-23-007,216.0,221.0,0.0,0.0,0.0
MPD-23-007,221.0,267.0,0.0,0.0,0.0
MPD-23-007,,,,,
MPD-23-007,,,,,
MPD-23-007,267.0,313.5,5.0,0.1,0.0
MPD-23-007,313.5,315.5,0.0,0.0,0.0
MPD-23-007,315.5,324.58,0.0,0.0,0.0
MPD-23-007,324.58,333.0,0.0,0.1,0.0
MPD-23-007,338.5,372.0,0.0,0.0,0.0
MPD-23-007,372.0,392.7,5.0,0.1,0.0
MPD-23-007,392.7,420.0,5.0,0.0,0.0
MPD-23-007,,,,,
MPD-23-007,,,,,
MPD-23-007,420.0,426.0,5.0,0.0,0.0
MPD-23-007,426.0,431.5,0.0,0.1,0.0
MPD-23-007,431.5,438.44,5.0,0.0,0.0
MPD-23-007,441.66,462.5,5.0,0.0,0.0
MPD-23-007,462.5,465.24,5.0,0.0,0.0
MPD-23-007,465.24,471.51,0.0,0.0,0.0
MPD-23-007,486.7,493.36,0.0,0.0,0.0
MPD-23-007,493.36,495.24,5.0,0.0,0.0
MPD-23-007,495.24,509.15,5.0,0.0,0.0
MPD-23-007,,,,,
MPD-23-007,509.15,516.4,5.0,0.0,0.0
MPD-23-007,516.4,532.5,5.0,0.0,0.0
MPD-23-007,532.5,542.0,10.0,0.1,0.0
MPD-23-007,542.0,545.46,15.0,0.0,0.0
MPD-23-007,545.46,555.0,0.0,0.0,0.0
MPD-23-007,555.0,564.0,15.0,0.0,0.0
MPD-23-007,596.08,610.71,0.0,0.0,0.0
MPD-23-007,610.71,653.41,15.0,0.0,0.0
MPD-23-007,653.41,655.38,15.0,0.1,0.0
MPD-23-007,655.38,669.0,15.0,0.0,0.0
MPD-23-007,,,,,
MPD-23-007,,,,,
MPD-23-007,685.0,686.0,15.0,0.0,0.0
MPD-23-007,686.0,700.75,15.0,0.0,0.0
MPD-23-007,700.75,701.21,0.0,0.0,0.0
MPD-23-007,701.21,764.4,10.0,0.0,0.0
MPD-23-007,,,,,
MPD-23-007,,,,,
MPD-23-007,764.4,807.0,10.0,0.0,0.0
MPD-23-008,,,,,
MPD-23-008,,,,,
MPD-23-008,,,,,
MPD-23-008,18.0,54.0,1.0,0.0,0.0
MPD-23-009,,,,,
MPD-23-009,60.0,62.75,0.0,0.1,0.0
MPD-23-009,62.75,106.8,0.0,0.0,0.0
MPD-23-009,,,,,
MPD-23-009,,,,,
MPD-23-009,,,,,
MPD-23-009,106.8,208.12,0.1,0.0,0.0
MPD-23-009,,,,,
MPD-23-009,208.12,211.25,0.0,0.0,0.0
MPD-23-009,211.25,219.04,0.1,0.0,0.0
MPD-23-009,219.04,232.3,0.0,0.0,0.0
MPD-23-009,232.3,238.1,0.0,0.1,0.0
MPD-23-009,238.1,346.1,0.0,0.0,0.0
MPD-23-009,,,,,
MPD-23-009,,,,,
MPD-23-009,,,,,
MPD-23-009,,,,,
MPD-23-009,346.1,352.7,0.0,0.0,0.0
MPD-23-009,352.7,398.6,0.0,0.0,0.0
MPD-23-009,,,,,
MPD-23-009,,,,,
MPD-23-009,,,,,
MPD-23-009,,,,,
MPD-23-009,398.6,404.6,0.0,0.0,0.0
MPD-23-009,404.6,417.45,0.0,0.0,0.0
MPD-23-009,,,,,
MPD-23-009,,,,,
MPD-23-009,,,,,
MPD-23-009,417.45,438.0,0.0,0.0,0.0
MPD-23-009,438.0,443.0,0.0,0.0,0.0
MPD-23-009,443.0,477.0,0.0,0.0,0.0
MPD-23-010,,,,,
MPD-23-010,6.0,33.65,2.0,0.0,0.0
MPD-23-010,33.65,58.91,0.0,0.0,0.0
MPD-23-010,58.91,62.36,1.5,0.0,0.0
MPD-23-010,62.36,128.6,0.0,0.0,0.0
MPD-23-010,128.6,153.0,0.5,0.0,0.0
MPD-23-010,153.0,186.7,0.5,0.0,0.0
MPD-23-010,186.7,222.7,0.0,0.0,0.0
MPD-23-010,222.7,274.16,0.5,0.01,0.01
MPD-23-010,,,,,
MPD-23-010,,,,,
MPD-23-010,274.16,276.45,0.0,0.0,0.0
MPD-23-010,276.45,295.0,0.0,0.0,0.0
MPD-23-012,,,,,
MPD-23-012,9.9,32.45,0.5,0.0,0.0
MPD-23-012,32.45,66.25,0.0,0.0,0.0
MPD-23-012,66.25,77.53,0.0,0.0,0.0
MPD-23-012,77.53,82.17,0.1,0.0,0.0
MPD-23-012,82.17,87.35,0.5,0.0,0.0
MPD-23-012,,,,,
MPD-23-012,,,,,
MPD-23-012,,,,,
MPD-23-012,,,,,
MPD-23-012,87.35,144.0,0.0,0.0,0.0
